title,placeUrl,website,rating,reviewCount,category,address,phoneNumber,searchQuery
Johnny's Carryout,https://www.google.com/maps/place/Johnny%27s+Carryout/data=!4m7!3m6!1s0x89b7c81890e47abf:0x1119e1b0cf6d362a!8m2!3d38.933297!4d-77.032396!16s%2Fg%2F1tfh_g_4!19sChIJv3rkkBjIt4kRKjZtz7DhGRE,,4.3,149,Chinese restaurant,"3445 14th St NW #1, Washington, DC 20010, United States",+1 202-667-1761,"https://www.google.com/maps/search/carryout+in+washington+dc/@38.9180495,-77.0714256,12z/data=!3m1!4b1"
Eddie's Carry Out,https://www.google.com/maps/place/Eddie%27s+Carry+Out/data=!4m7!3m6!1s0x89b7b86f0302f355:0xb4ec4b0431953bfd!8m2!3d38.9069945!4d-76.9785638!16s%2Fg%2F1v9gkx41!19sChIJVfMCA2-4t4kR_TuVMQRL7LQ,http://www.eddiessince1955.com/?utm_source=gmb&utm_medium=website,3.8,654,Sandwich shop,"1251 Bladensburg Rd NE, Washington, DC 20002, United States",+1 202-399-1725,"https://www.google.com/maps/search/carryout+in+washington+dc/@38.9180495,-77.0714256,12z/data=!3m1!4b1"
Yum's Carryout,https://www.google.com/maps/place/Yum%27s+Carryout/data=!4m7!3m6!1s0x89b7c86555ac514f:0x191b494857779027!8m2!3d38.9562523!4d-77.0221402!16s%2Fg%2F1td2ht45!19sChIJT1GsVWXIt4kRJ5B3V0hJGxk,http://yumscarryoutonline.com/,3.9,88,Chinese takeaway,"628 Kennedy St NW, Washington, DC 20011, United States",+1 202-291-6618,"https://www.google.com/maps/search/carryout+in+washington+dc/@38.9180495,-77.0714256,12z/data=!3m1!4b1"
Mandarin Carry-Out,https://www.google.com/maps/place/Mandarin+Carry-Out/data=!4m7!3m6!1s0x89b7b848fb5cda31:0xad75194c88b02228!8m2!3d38.8879101!4d-76.9838584!16s%2Fg%2F1td3mh04!19sChIJMdpc-0i4t4kRKCKwiEwZda0,http://www.mandarincarryout.com/?utm_source=gmb&utm_medium=website,3.7,93,Chinese restaurant,"129 15th St SE, Washington, DC 20003, United States",+1 202-547-3905,"https://www.google.com/maps/search/carryout+in+washington+dc/@38.9180495,-77.0714256,12z/data=!3m1!4b1"
Eastern Carry Out,https://www.google.com/maps/place/Eastern+Carry+Out/data=!4m7!3m6!1s0x89b7b7c4d18d1527:0xfe60322719fb2827!8m2!3d38.9167199!4d-77.0413681!16s%2Fg%2F1tdq_l_5!19sChIJJxWN0cS3t4kRJyj7GScyYP4,https://www.easterncarryout.net/,3,97,Chinese restaurant,"1784 Florida Ave NW, Washington, DC 20009, United States",+1 202-483-1931,"https://www.google.com/maps/search/carryout+in+washington+dc/@38.9180495,-77.0714256,12z/data=!3m1!4b1"
Kenny's Carry Out,https://www.google.com/maps/place/Kenny%27s+Carry+Out/data=!4m7!3m6!1s0x89b7c87a84faa0b9:0xfd48b86a34d834af!8m2!3d38.956181!4d-77.019545!16s%2Fg%2F1tjtk4tq!19sChIJuaD6hHrIt4kRrzTYNGq4SP0,https://www.kennysdc.com/,3.8,131,Chinese restaurant,"5427 5th St NW, Washington, DC 20011, United States",+1 202-545-8890,"https://www.google.com/maps/search/carryout+in+washington+dc/@38.9180495,-77.0714256,12z/data=!3m1!4b1"
Grand China Carryout,https://www.google.com/maps/place/Grand+China+Carryout/data=!4m7!3m6!1s0x89b7b9d639bf5c3d:0xc26f66a14908f6ad!8m2!3d38.876018!4d-77.009462!16s%2Fg%2F1tdc1jnk!19sChIJPVy_Oda5t4kRrfYISaFmb8I,,3.4,290,Chinese restaurant,"1201 S Capitol St SW, Washington, DC 20003, United States",+1 202-554-8203,"https://www.google.com/maps/search/carryout+in+washington+dc/@38.9180495,-77.0714256,12z/data=!3m1!4b1"
Hong Kong Carryout,https://www.google.com/maps/place/Hong+Kong+Carryout/data=!4m7!3m6!1s0x89b7b8489e267d43:0x50b82bea85080f48!8m2!3d38.8900854!4d-76.983253!16s%2Fg%2F1tjs5v0x!19sChIJQ30mnki4t4kRSA8IheoruFA,,4.1,185,Hong Kong style fast food restaurant,"1506 East Capitol St NE, Washington, DC 20003, United States",+1 202-546-5528,"https://www.google.com/maps/search/carryout+in+washington+dc/@38.9180495,-77.0714256,12z/data=!3m1!4b1"
Full Yum Carry Out,https://www.google.com/maps/place/Full+Yum+Carry+Out/data=!4m7!3m6!1s0x89b7b81dbfb157c7:0xb54fc7ac7e9b6de!8m2!3d38.9097817!4d-77.0088286!16s%2Fg%2F1262s87x9!19sChIJx1exvx24t4kR3rbpx3r8VAs,,3.9,194,Chinese restaurant,"1501 North Capitol St NE, Washington, DC 20002, United States",+1 202-832-0637,"https://www.google.com/maps/search/carryout+in+washington+dc/@38.9180495,-77.0714256,12z/data=!3m1!4b1"
Jerry's Carry Out,https://www.google.com/maps/place/Jerry%27s+Carry+Out/data=!4m7!3m6!1s0x89b7b7e52d5dd20b:0x5f7f0363d089c648!8m2!3d38.9168966!4d-77.0221815!16s%2Fg%2F1v29cxxs!19sChIJC9JdLeW3t4kRSMaJ0GMDf18,http://jerryscarryout.com/,4,378,Chinese restaurant,"2016 Georgia Ave NW, Washington, DC 20001, United States",+1 202-462-8740,"https://www.google.com/maps/search/carryout+in+washington+dc/@38.9180495,-77.0714256,12z/data=!3m1!4b1"
Good Hope Carry Out,https://www.google.com/maps/place/Good+Hope+Carry+Out/data=!4m7!3m6!1s0x89b7b9b8f64cd345:0x26b7fae5977e8998!8m2!3d38.8670909!4d-76.9853937!16s%2Fg%2F1tgcbdg8!19sChIJRdNM9ri5t4kRmIl-l-X6tyY,,4,586,Restaurant,"1350 Good Hope Rd SE, Washington, DC 20020, United States",+1 202-678-7383,"https://www.google.com/maps/search/carryout+in+washington+dc/@38.9180495,-77.0714256,12z/data=!3m1!4b1"
Eddie Leonard Carryout,https://www.google.com/maps/place/Eddie+Leonard+Carryout/data=!4m7!3m6!1s0x89b7c98b6bf612d5:0x44af10a446557424!8m2!3d38.931153!4d-77.023825!16s%2Fg%2F11rsh9yq_3!19sChIJ1RL2a4vJt4kRJHRVRqQQr0Q,http://www.eddieleonardcarryoutdc.com/,3.5,93,Chinese restaurant,"3300 Georgia Ave NW, Washington, DC 20010, United States",+1 202-882-4277,"https://www.google.com/maps/search/carryout+in+washington+dc/@38.9180495,-77.0714256,12z/data=!3m1!4b1"
Mayflower Chinese Carryout,https://www.google.com/maps/place/Mayflower+Chinese+Carryout/data=!4m7!3m6!1s0x89b7c820ec18113b:0xb59b6c2e43820efd!8m2!3d38.928507!4d-77.0375229!16s%2Fg%2F1vpfkf78!19sChIJOxEY7CDIt4kR_Q6CQy5sm7U,,4.2,107,Chinese takeaway,"3066 Mt Pleasant St NW, Washington, DC 20009, United States",+1 202-299-9502,"https://www.google.com/maps/search/carryout+in+washington+dc/@38.9180495,-77.0714256,12z/data=!3m1!4b1"
Twin Dragon Carry-Out,https://www.google.com/maps/place/Twin+Dragon+Carry-Out/data=!4m7!3m6!1s0x89b7c87a21c1d28d:0x87b6c1c22ec62ea4!8m2!3d38.9567812!4d-77.0162912!16s%2Fg%2F1ttpc5v7!19sChIJjdLBIXrIt4kRpC7GLsLBtoc,http://www.twin-dragon-carryout.com/,4.1,567,Chinese restaurant,"5504 3rd St NW, Washington, DC 20011, United States",+1 202-545-0033,"https://www.google.com/maps/search/carryout+in+washington+dc/@38.9180495,-77.0714256,12z/data=!3m1!4b1"
Chen Sunny's Carry Out,https://www.google.com/maps/place/Chen+Sunny%27s+Carry+Out/data=!4m7!3m6!1s0x89b7c775f077e04b:0x5d4c2d35a24e0a81!8m2!3d38.9347319!4d-76.9637885!16s%2Fg%2F1tvdkpkz!19sChIJS-B38HXHt4kRgQpOojUtTF0,https://chensunnyscarry.com/,3.9,148,Chinese restaurant,"3131 Rhode Island Ave NE, Washington, DC 20018, United States",+1 202-832-5675,"https://www.google.com/maps/search/carryout+in+washington+dc/@38.9180495,-77.0714256,12z/data=!3m1!4b1"
Sammy Carry-Out,https://www.google.com/maps/place/Sammy+Carry-Out/data=!4m7!3m6!1s0x89b7c746be9ac607:0x89b21c96a93ee3b5!8m2!3d38.9256538!4d-76.9902558!16s%2Fg%2F1td01cpr!19sChIJB8aavkbHt4kRteM-qZYcsok,https://www.sammycarryout.com/,3.4,162,Chinese restaurant,"2801 12th St NE, Washington, DC 20017, United States",+1 202-832-3188,"https://www.google.com/maps/search/carryout+in+washington+dc/@38.9180495,-77.0714256,12z/data=!3m1!4b1"
China Sea Carryout,https://www.google.com/maps/place/China+Sea+Carryout/data=!4m7!3m6!1s0x89b7c889882084d9:0x44d539fd547a6c5b!8m2!3d38.9687989!4d-77.0276471!16s%2Fg%2F1tgwbt29!19sChIJ2YQgiInIt4kRW2x6VP051UQ,,3.8,61,Restaurant,"6450-B, 6450 Georgia Ave NW, Washington, DC 20012, United States",+1 202-723-2356,"https://www.google.com/maps/search/carryout+in+washington+dc/@38.9180495,-77.0714256,12z/data=!3m1!4b1"
Yum's Carryout,https://www.google.com/maps/place/Yum%27s+Carryout/data=!4m7!3m6!1s0x89b7b8c3e83633cd:0x9a96ee69caed60fa!8m2!3d38.8894094!4d-76.9366796!16s%2Fg%2F1tgqk9hl!19sChIJzTM26MO4t4kR-mDtymnulpo,,3.4,131,Chinese restaurant,"4512 Benning Rd SE, Washington, DC 20019, United States",+1 202-581-4308,"https://www.google.com/maps/search/carryout+in+washington+dc/@38.9180495,-77.0714256,12z/data=!3m1!4b1"
Eddie And Eddie Leonard Carryout,https://www.google.com/maps/place/Eddie+And+Eddie+Leonard+Carryout/data=!4m7!3m6!1s0x89b7b99a891b12a3:0x886c03941c007cce!8m2!3d38.8504939!4d-76.974901!16s%2Fg%2F1tkb5_dh!19sChIJoxIbiZq5t4kRznwAHJQDbIg,http://www.runinout.com/Eddie-Leonard%27s-Carryout-Congress-Heights-DC,3.9,278,Takeout restaurant,"2103 Alabama Ave SE, Washington, DC 20020, United States",+1 202-889-3199,"https://www.google.com/maps/search/carryout+in+washington+dc/@38.9180495,-77.0714256,12z/data=!3m1!4b1"
Hong Kong Carry-out,https://www.google.com/maps/place/Hong+Kong+Carry-out/data=!4m7!3m6!1s0x89b7c86c6274de95:0x1a75f703b7703805!8m2!3d38.9488752!4d-77.0267602!16s%2Fg%2F124yh24nz!19sChIJld50YmzIt4kRBThwtwP3dRo,http://www.hongkongwashington.com/?utm_source=gmb&utm_medium=website,3.9,87,Hong Kong style fast food restaurant,"4817 Georgia Ave NW #4533, Washington, DC 20011, United States",+1 202-829-7900,"https://www.google.com/maps/search/carryout+in+washington+dc/@38.9180495,-77.0714256,12z/data=!3m1!4b1"
Yum's,https://www.google.com/maps/place/Yum%27s/data=!4m7!3m6!1s0x89b7b7ea41100311:0xc02ae00c0cbe38ce!8m2!3d38.9094389!4d-77.0317112!16s%2Fg%2F1tffvv03!19sChIJEQMQQeq3t4kRzji-DAzgKsA,,3.9,413,Chinese restaurant,"1413 14th St NW, Washington, DC 20005, United States",+1 202-232-5608,"https://www.google.com/maps/search/carryout+in+washington+dc/@38.9180495,-77.0714256,12z/data=!3m1!4b1"
Yum's Carry Out,https://www.google.com/maps/place/Yum%27s+Carry+Out/data=!4m7!3m6!1s0x89b7ba07c7b65c27:0x926695cbbd9816e9!8m2!3d38.8321915!4d-77.0087033!16s%2Fg%2F1q5bnjft1!19sChIJJ1y2xwe6t4kR6RaYvcuVZpI,http://runinout.com/Congress-Heights-Yum-Carryout,2.9,121,Fast food restaurant,"3917 S Capitol St SE, Washington, DC 20032, United States",+1 202-562-6300,"https://www.google.com/maps/search/carryout+in+washington+dc/@38.9180495,-77.0714256,12z/data=!3m1!4b1"
Tiki Carryout & Deli,https://www.google.com/maps/place/Tiki+Carryout+%26+Deli/data=!4m7!3m6!1s0x89b7b7f1df1e8103:0xeb6189531291f653!8m2!3d38.9112549!4d-77.0217445!16s%2Fg%2F1tf82hc1!19sChIJA4Ee3_G3t4kRU_aRElOJYes,,4.6,65,Sandwich shop,"1601 7th St NW, Washington, DC 20001, United States",+1 202-234-8806,"https://www.google.com/maps/search/carryout+in+washington+dc/@38.9180495,-77.0714256,12z/data=!3m1!4b1"
Sing Long Carryout,https://www.google.com/maps/place/Sing+Long+Carryout/data=!4m7!3m6!1s0x89b7c86ecda54627:0xaa7bafbbd3350506!8m2!3d38.9533101!4d-77.0273542!16s%2Fg%2F1vgx1nb5!19sChIJJ0alzW7It4kRBgU107uve6o,http://www.singlongcarryout.com/?utm_source=gmb&utm_medium=website,3.9,86,Chinese takeaway,"5211 Georgia Ave NW #3923, Washington, DC 20011, United States",+1 202-291-5663,"https://www.google.com/maps/search/carryout+in+washington+dc/@38.9180495,-77.0714256,12z/data=!3m1!4b1"
Yeung Fong Carryout,https://www.google.com/maps/place/Yeung+Fong+Carryout/data=!4m7!3m6!1s0x89b7b95fc482c8d5:0x2ecaa50256cc9191!8m2!3d38.9127394!4d-77.008721!16s%2Fg%2F11qp4r9zyb!19sChIJ1ciCxF-5t4kRkZHMVgKlyi4,http://www.yeungfong-dc.com/,3.6,20,Chinese restaurant,"1701 North Capitol St NE, Washington, DC 20002, United States",+1 202-832-3869,"https://www.google.com/maps/search/carryout+in+washington+dc/@38.9180495,-77.0714256,12z/data=!3m1!4b1"
Royal Rooster Carryout,https://www.google.com/maps/place/Royal+Rooster+Carryout/data=!4m7!3m6!1s0x89b7b96ee3b4a739:0x1a7c4dfd76a93fcc!8m2!3d38.899133!4d-76.9766047!16s%2Fg%2F11h46j6t0b!19sChIJOae04265t4kRzD-pdv1NfBo,https://royalroosterdc.com/,4.4,36,Restaurant,"1826 Benning Rd NE, Washington, DC 20002, United States",+1 202-450-4606,"https://www.google.com/maps/search/carryout+in+washington+dc/@38.9180495,-77.0714256,12z/data=!3m1!4b1"
Hong Kong Delite Carry Out,https://www.google.com/maps/place/Hong+Kong+Delite+Carry+Out/data=!4m7!3m6!1s0x89b7b9f8334ba047:0xf7751d64cade8a6!8m2!3d38.8434053!4d-77.0001121!16s%2Fg%2F1tph2mjj!19sChIJR6BLM_i5t4kRpuitTNZRdw8,http://runinout.com/Hong-Kong-Delite-Congress-Heights-DC,3.7,328,Chinese restaurant,"3123 Martin Luther King Jr Ave SE, Washington, DC 20032, United States",+1 202-562-7047,"https://www.google.com/maps/search/carryout+in+washington+dc/@38.9180495,-77.0714256,12z/data=!3m1!4b1"
Howard China,https://www.google.com/maps/place/Howard+China/data=!4m7!3m6!1s0x89b7c81d386a5471:0xbfeb1d86d379fb61!8m2!3d38.9266667!4d-77.0227778!16s%2Fg%2F1vl5hp36!19sChIJcVRqOB3It4kRYft504Yd678,https://runinos.com/places/howard-china-washington-dc/,4.3,352,Restaurant,"2827 Georgia Ave NW, Washington, DC 20001, United States",+1 202-332-9461,"https://www.google.com/maps/search/carryout+in+washington+dc/@38.9180495,-77.0714256,12z/data=!3m1!4b1"
Fu Kang Carryout,https://www.google.com/maps/place/Fu+Kang+Carryout/data=!4m7!3m6!1s0x89b7c785346a89d1:0xffbd09b5a555b7e6!8m2!3d38.929836!4d-76.974071!16s%2Fg%2F1tmk9c_g!19sChIJ0YlqNIXHt4kR5rdVpbUJvf8,,3.9,40,Chinese restaurant,"2123 Rhode Island Ave NE, Washington, DC 20018, United States",+1 202-269-4547,"https://www.google.com/maps/search/carryout+in+washington+dc/@38.9180495,-77.0714256,12z/data=!3m1!4b1"
Tsim Yung,https://www.google.com/maps/place/Tsim+Yung/data=!4m7!3m6!1s0x89b7c7edad8aea71:0x725b325b56268cf6!8m2!3d38.9342781!4d-76.9909709!16s%2Fg%2F1td1kws6!19sChIJceqKre3Ht4kR9owmVlsyW3I,http://www.tsimyungdc.com/?utm_source=gmb&utm_medium=website,3.7,183,Chinese restaurant,"3625 12th St NE, Washington, DC 20017, United States",+1 202-635-1318,"https://www.google.com/maps/search/carryout+in+washington+dc/@38.9180495,-77.0714256,12z/data=!3m1!4b1"
Big China,https://www.google.com/maps/place/Big+China/data=!4m7!3m6!1s0x89b7b8063f93fd2d:0xb15d04732f53b019!8m2!3d38.91904!4d-77.0002856!16s%2Fg%2F1tl9ng8p!19sChIJLf2TPwa4t4kRGbBTL3MEXbE,http://www.bigchinadc.com/?utm_source=gmb&utm_medium=website,4,269,Chinese restaurant,"2135 4th St NE, Washington, DC 20002, United States",+1 202-526-6877,"https://www.google.com/maps/search/carryout+in+washington+dc/@38.9180495,-77.0714256,12z/data=!3m1!4b1"
China Town,https://www.google.com/maps/place/China+Town/data=!4m7!3m6!1s0x89b7c8214492eb9b:0x49587dc5946b51fc!8m2!3d38.931425!4d-77.0381894!16s%2Fg%2F1tdmqy_l!19sChIJm-uSRCHIt4kR_FFrlMV9WEk,http://runinout.com/Chinatown-Mt-Pleasant-DC,4.5,225,Chinese restaurant,"3207 Mt Pleasant St NW, Washington, DC 20010, United States",+1 202-332-8955,"https://www.google.com/maps/search/carryout+in+washington+dc/@38.9180495,-77.0714256,12z/data=!3m1!4b1"
Habesha Market Carry Out & Restaurant,https://www.google.com/maps/place/Habesha+Market+Carry+Out+%26+Restaurant/data=!4m7!3m6!1s0x89b7b7e574f78c53:0x1cbe9fcdf27a1061!8m2!3d38.9163472!4d-77.0237081!16s%2Fg%2F1tdvw5zg!19sChIJU4z3dOW3t4kRYRB68s2fvhw,http://habeshamarket.com/,4.5,839,Ethiopian restaurant,"1919 9th St NW, Washington, DC 20001, United States",+1 202-232-1919,"https://www.google.com/maps/search/carryout+in+washington+dc/@38.9180495,-77.0714256,12z/data=!3m1!4b1"
Eddie Yum's,https://www.google.com/maps/place/Eddie+Yum%27s/data=!4m7!3m6!1s0x89b7ba0a2b1606ab:0x34c0a4c9dded783c!8m2!3d38.8258706!4d-77.0076158!16s%2Fg%2F1vqmk7x5!19sChIJqwYWKwq6t4kRPHjt3cmkwDQ,http://www.eddieyums.com/,3.9,265,Chinese restaurant,"4405 S Capitol St SW, Washington, DC 20032, United States",+1 202-645-9867,"https://www.google.com/maps/search/carryout+in+washington+dc/@38.9180495,-77.0714256,12z/data=!3m1!4b1"
Mayflower Chinese food,https://www.google.com/maps/place/Mayflower+Chinese+food/data=!4m7!3m6!1s0x89b7c9c1f93400c9:0xd958e13953a16c54!8m2!3d38.947287!4d-77.0790503!16s%2Fg%2F1thq1lqp!19sChIJyQA0-cHJt4kRVGyhUznhWNk,https://www.mayflowerchineserestaurant.net/,3,194,Asian restaurant,"4427 Wisconsin Ave NW, Washington, DC 20016, United States",+1 202-244-8858,"https://www.google.com/maps/search/carryout+in+washington+dc/@38.9180495,-77.0714256,12z/data=!3m1!4b1"
Dannie's Kitchen,https://www.google.com/maps/place/Dannie%27s+Kitchen/data=!4m7!3m6!1s0x89b7c81233a75ea7:0x4827826436ea1bfb!8m2!3d38.9417281!4d-77.0246021!16s%2Fg%2F1tct9lz6!19sChIJp16nMxLIt4kR-xvqNmSCJ0g,https://www.dannieskitchendc.com/,3.7,156,Chinese restaurant,"830 Upshur St NW, Washington, DC 20011, United States",+1 202-829-7100,"https://www.google.com/maps/search/carryout+in+washington+dc/@38.9180495,-77.0714256,12z/data=!3m1!4b1"
Oohh's & Aahh's,https://www.google.com/maps/place/Oohh%27s+%26+Aahh%27s/data=!4m7!3m6!1s0x89b7b7e5c778a2e3:0x9d1ac5b24ed0b609!8m2!3d38.9171844!4d-77.0262413!16s%2Fg%2F11clzs04sh!19sChIJ46J4x-W3t4kRCbbQTrLFGp0,https://www.oohhsnaahhs.com/,4.2,2784,Soul food restaurant,"1005 U St NW, Washington, DC 20001, United States",+1 202-667-7142,"https://www.google.com/maps/search/carryout+in+washington+dc/@38.9180495,-77.0714256,12z/data=!3m1!4b1"
Chinese Dragon,https://www.google.com/maps/place/Chinese+Dragon/data=!4m7!3m6!1s0x89b7b7f85ad5bbf1:0xd6f98506d395a678!8m2!3d38.9158489!4d-77.0124085!16s%2Fg%2F1tg9jfxz!19sChIJ8bvVWvi3t4kReKaV0waF-dY,https://runinos.com/places/chinese-dragon-washington-dc/,3.9,64,Chinese takeaway,"103 Rhode Island Ave NW, Washington, DC 20001, United States",+1 202-328-6146,"https://www.google.com/maps/search/carryout+in+washington+dc/@38.9180495,-77.0714256,12z/data=!3m1!4b1"
China Taste,https://www.google.com/maps/place/China+Taste/data=!4m7!3m6!1s0x89b7c86221cb725f:0xf68c7abe0394f8d0!8m2!3d38.9655691!4d-77.0274053!16s%2Fg%2F1tnhz6m0!19sChIJX3LLIWLIt4kR0PiUA756jPY,,3.5,61,Chinese restaurant,"6215 Georgia Ave NW, Washington, DC 20011, United States",+1 202-726-0891,"https://www.google.com/maps/search/carryout+in+washington+dc/@38.9180495,-77.0714256,12z/data=!3m1!4b1"
Wah Mee & New China,https://www.google.com/maps/place/Wah+Mee+%26+New+China/data=!4m7!3m6!1s0x89b7b87634713193:0xa0fc8f1770fde82c!8m2!3d38.9266202!4d-76.9818862!16s%2Fg%2F1tfwfd1_!19sChIJkzFxNHa4t4kRLOj9cBeP_KA,http://www.wahmeenewchina.com/?utm_source=gmb&utm_medium=website,3.8,128,Asian restaurant,"1604 Rhode Island Ave NE, Washington, DC 20002, United States",+1 202-635-3442,"https://www.google.com/maps/search/carryout+in+washington+dc/@38.9180495,-77.0714256,12z/data=!3m1!4b1"
Chuck & Billy's Bar & Carryout,https://www.google.com/maps/place/Chuck+%26+Billy%27s+Bar+%26+Carryout/data=!4m7!3m6!1s0x89b7c81d5be19275:0xe322cf2e1d81c320!8m2!3d38.9256689!4d-77.0229544!16s%2Fg%2F1tg5vy_c!19sChIJdZLhWx3It4kRIMOBHS7PIuM,,4.4,112,Bar,"2718 Georgia Ave NW, Washington, DC 20001, United States",+1 202-234-5870,"https://www.google.com/maps/search/carryout+in+washington+dc/@38.9180495,-77.0714256,12z/data=!3m1!4b1"
Jerry Chan's Restaurant,https://www.google.com/maps/place/Jerry+Chan%27s+Restaurant/data=!4m7!3m6!1s0x89b7c78b3957cad1:0x147395333f1ab1c4!8m2!3d38.9247998!4d-76.9863085!16s%2Fg%2F1trrf2jq!19sChIJ0cpXOYvHt4kRxLEaPzOVcxQ,https://runinos.com/places/jerry-chans-restaurant-washington-dc/,4.3,73,Chinese restaurant,"1350 Brentwood Rd NE, Washington, DC 20018, United States",+1 202-635-0633,"https://www.google.com/maps/search/carryout+in+washington+dc/@38.9180495,-77.0714256,12z/data=!3m1!4b1"
Hunan Dynasty,https://www.google.com/maps/place/Hunan+Dynasty/data=!4m7!3m6!1s0x89b7b82c20c11ad9:0xc1bdc5ac68e06304!8m2!3d38.8870361!4d-77.0029!16s%2Fg%2F1tf6splv!19sChIJ2RrBICy4t4kRBGPgaKzFvcE,https://hunandynastytogo.com/,4,353,Hunan restaurant,"215 Pennsylvania Ave. SE, Washington, DC 20003, United States",+1 202-546-6161,"https://www.google.com/maps/search/carryout+in+washington+dc/@38.9180495,-77.0714256,12z/data=!3m1!4b1"
China Wok,https://www.google.com/maps/place/China+Wok/data=!4m7!3m6!1s0x89b7b841e07e918f:0x116050162ca1fe8e!8m2!3d38.9001535!4d-76.981533!16s%2Fg%2F1x5qtny_!19sChIJj5F-4EG4t4kRjv6hLBZQYBE,,4.1,154,Chinese restaurant,"1508 Benning Rd NE, Washington, DC 20002, United States",+1 202-388-0348,"https://www.google.com/maps/search/carryout+in+washington+dc/@38.9180495,-77.0714256,12z/data=!3m1!4b1"
Simon's Wok & Grill,https://www.google.com/maps/place/Simon%27s+Wok+%26+Grill/data=!4m7!3m6!1s0x89b7c9220b5a6e5f:0xb1c532759c867765!8m2!3d38.9563567!4d-77.0278175!16s%2Fg%2F11hdss17jm!19sChIJX25aCyLJt4kRZXeGnHUyxbE,,4.2,26,Chinese restaurant,"5501 Georgia Ave NW, Washington, DC 20011, United States",+1 202-882-3663,"https://www.google.com/maps/search/carryout+in+washington+dc/@38.9180495,-77.0714256,12z/data=!3m1!4b1"
Szechuan House,https://www.google.com/maps/place/Szechuan+House/data=!4m7!3m6!1s0x89b7b8333c029d69:0xa0a7ba23d96fabed!8m2!3d38.8822378!4d-76.9952381!16s%2Fg%2F11h1p7q1k!19sChIJaZ0CPDO4t4kR7atv2SO6p6A,https://szehousedc.com/,3.6,65,Chinese restaurant,"515 8th St SE 2nd floor, Washington, DC 20003, United States",+1 202-546-5303,"https://www.google.com/maps/search/carryout+in+washington+dc/@38.9180495,-77.0714256,12z/data=!3m1!4b1"
Merry's Kitchen,https://www.google.com/maps/place/Merry%27s+Kitchen/data=!4m7!3m6!1s0x89b7b9f73597c72b:0x11a6cc8f41e80c80!8m2!3d38.8453053!4d-76.9974693!16s%2Fg%2F1tk1nwpj!19sChIJK8eXNfe5t4kRgAzoQY_MphE,http://www.merryskitchenonline.com/,3.3,149,Restaurant,"2929 Martin Luther King Jr Ave SE, Washington, DC 20032, United States",+1 202-562-7180,"https://www.google.com/maps/search/carryout+in+washington+dc/@38.9180495,-77.0714256,12z/data=!3m1!4b1"
China House,https://www.google.com/maps/place/China+House/data=!4m7!3m6!1s0x89b7b84202fd9ee5:0xaf83a3e2f2b08777!8m2!3d38.89959!4d-76.9814043!16s%2Fg%2F1tcvcsr4!19sChIJ5Z79AkK4t4kRd4ew8uKjg68,,3.9,104,Chinese restaurant,"1601 Benning Rd NE, Washington, DC 20002, United States",+1 202-396-9041,"https://www.google.com/maps/search/carryout+in+washington+dc/@38.9180495,-77.0714256,12z/data=!3m1!4b1"
Panda Chinese Restaurant,https://www.google.com/maps/place/Panda+Chinese+Restaurant/data=!4m7!3m6!1s0x89b7b86d66df918f:0x64fa6bdd8baa4f63!8m2!3d38.9105888!4d-76.9849353!16s%2Fg%2F1tdl7050!19sChIJj5HfZm24t4kRY0-qi91r-mQ,http://www.pandachinesedc.com/?utm_source=gmb&utm_medium=website,3.4,115,Chinese restaurant,"1807 West Virginia Ave NE, Washington, DC 20002, United States",+1 202-526-8478,"https://www.google.com/maps/search/carryout+in+washington+dc/@38.9180495,-77.0714256,12z/data=!3m1!4b1"
China Chef Carryout,https://www.google.com/maps/place/China+Chef+Carryout/data=!4m7!3m6!1s0x89b7bf45eae835b3:0x3b55e91c87e91133!8m2!3d38.8980634!4d-76.9055866!16s%2Fg%2F1v62jk4n!19sChIJszXo6kW_t4kRMxHphxzpVTs,http://www.chinachefcarryoutmd.com/?utm_source=gmb&utm_medium=website,3.4,69,Chinese restaurant,"5926 Martin Luther King Jr Hwy, Capitol Heights, MD 20743, United States",+1 301-925-8858,"https://www.google.com/maps/search/carryout+in+washington+dc/@38.9180495,-77.0714256,12z/data=!3m1!4b1"
Golden China Chinese Restaurant,https://www.google.com/maps/place/Golden+China+Chinese+Restaurant/data=!4m7!3m6!1s0x89b7b7b67d604eaf:0x5ef3d94e36ac5ed3!8m2!3d38.9127878!4d-77.0195401!16s%2Fg%2F11mtfm5tzj!19sChIJr05gfba3t4kR016sNk7Z814,https://www.goldenchina1703.com/,3.6,40,Chinese restaurant,"1703 6th St NW, Washington, DC 20001, United States",+1 202-232-0422,"https://www.google.com/maps/search/carryout+in+washington+dc/@38.9180495,-77.0714256,12z/data=!3m1!4b1"
King City Restaurant,https://www.google.com/maps/place/King+City+Restaurant/data=!4m7!3m6!1s0x89b7b9c1828b820d:0x8c0e20a5a033c386!8m2!3d38.862806!4d-76.9925716!16s%2Fg%2F1tp1zq4r!19sChIJDYKLgsG5t4kRhsMzoKUgDow,,2.6,148,Chinese restaurant,"2403 Martin Luther King Jr Ave SE, Washington, DC 20020, United States",+1 202-889-6337,"https://www.google.com/maps/search/carryout+in+washington+dc/@38.9180495,-77.0714256,12z/data=!3m1!4b1"
City Lights of China,https://www.google.com/maps/place/City+Lights+of+China/data=!4m7!3m6!1s0x89b7b7cf5e946c03:0xd7c66da7269b0729!8m2!3d38.9135421!4d-77.0453229!16s%2Fg%2F1tfzn6x7!19sChIJA2yUXs-3t4kRKQebJqdtxtc,https://www.citylightsofchina.com/,3.8,297,Chinese restaurant,"1731 Connecticut Ave NW #1, Washington, DC 20009, United States",+1 202-265-6688,"https://www.google.com/maps/search/carryout+in+washington+dc/@38.9180495,-77.0714256,12z/data=!3m1!4b1"
Wah Sing Restaurant,https://www.google.com/maps/place/Wah+Sing+Restaurant/data=!4m7!3m6!1s0x89b7b9aeac9adcfd:0xeb078c60c122b926!8m2!3d38.8728394!4d-76.9702032!16s%2Fg%2F1td43cts!19sChIJ_dyarK65t4kRJrkiwWCMB-s,,4.1,435,Chinese restaurant,"2521 Pennsylvania Ave. SE, Washington, DC 20020, United States",+1 202-581-4500,"https://www.google.com/maps/search/carryout+in+washington+dc/@38.9180495,-77.0714256,12z/data=!3m1!4b1"
Hunan Shrimp Boat,https://www.google.com/maps/place/Hunan+Shrimp+Boat/data=!4m7!3m6!1s0x89b7c7d1042a12a9:0x779259d010abc217!8m2!3d38.9583301!4d-77.0008691!16s%2Fg%2F1td_cl3k!19sChIJqRIqBNHHt4kRF8KrENBZknc,https://www.hunanshrimpboatdc.com/,3,73,American restaurant,"5585 South Dakota Ave NE, Washington, DC 20011, United States",+1 202-635-6666,"https://www.google.com/maps/search/carryout+in+washington+dc/@38.9180495,-77.0714256,12z/data=!3m1!4b1"
Hitching Post Restaurant,https://www.google.com/maps/place/Hitching+Post+Restaurant/data=!4m7!3m6!1s0x89b7c80ba9205931:0x3633b7e1b26ccff1!8m2!3d38.9420206!4d-77.0137917!16s%2Fg%2F1tg3635s!19sChIJMVkgqQvIt4kR8c9ssuG3MzY,http://thehpostrestaurant.com/,4.4,519,Southern restaurant (US),"200 Upshur St NW, Washington, DC 20011, United States",+1 202-726-1511,"https://www.google.com/maps/search/carryout+in+washington+dc/@38.9180495,-77.0714256,12z/data=!3m1!4b1"
Eddie's Cafe Chinese Cuisine,https://www.google.com/maps/place/Eddie%27s+Cafe+Chinese+Cuisine/data=!4m7!3m6!1s0x89b7b7d40b1303b1:0x1e2493d63202f31c!8m2!3d38.9237044!4d-77.0520164!16s%2Fg%2F1td1qsct!19sChIJsQMTC9S3t4kRHPMCMtaTJB4,https://www.eddiescafe20008.com/,3.8,144,Asian restaurant,"Talpalar Building, 2600 Connecticut Ave NW, Washington, DC 20008, United States",+1 202-667-3939,"https://www.google.com/maps/search/carryout+in+washington+dc/@38.9180495,-77.0714256,12z/data=!3m1!4b1"
Tony’s Place,https://www.google.com/maps/place/Tony%E2%80%99s+Place/data=!4m7!3m6!1s0x407725dfb0cd2377:0xd60ce5b7592d6f85!8m2!3d38.8999812!4d-76.9852905!16s%2Fg%2F1td0hd6y!19sChIJdyPNsN8ld0ARhW8tWbflDNY,https://www.tonysplacedc.com/,4.1,552,Traditional American restaurant,"1401 H St NE, Washington, DC 20002, United States",+1 202-396-2482,"https://www.google.com/maps/search/carryout+in+washington+dc/@38.9180495,-77.0714256,12z/data=!3m1!4b1"
New Dynasty,https://www.google.com/maps/place/New+Dynasty/data=!4m7!3m6!1s0x89b7b7c864596297:0xc0227cb7de095964!8m2!3d38.909459!4d-77.045849!16s%2Fg%2F1tcygbyv!19sChIJl2JZZMi3t4kRZFkJ3rd8IsA,https://www.new-dynasty.com/,4.2,455,Asian restaurant,"2020 P St NW, Washington, DC 20036, United States",+1 202-296-6688,"https://www.google.com/maps/search/carryout+in+washington+dc/@38.9180495,-77.0714256,12z/data=!3m1!4b1"
China Chilcano by José Andrés,https://www.google.com/maps/place/China+Chilcano+by+Jos%C3%A9+Andr%C3%A9s/data=!4m7!3m6!1s0x89b7b7901c353d5d:0x63eb974ad1d7a0a7!8m2!3d38.8953418!4d-77.0220842!16s%2Fg%2F11b6v218z0!19sChIJXT01HJC3t4kRp6DX0UqX62M,https://www.chinachilcano.com/,4.3,2822,Peruvian restaurant,"418 7th St NW, Washington, DC 20004, United States",,"https://www.google.com/maps/search/carryout+in+washington+dc/@38.9180495,-77.0714256,12z/data=!3m1!4b1"
Queen’s English,https://www.google.com/maps/place/Queen%E2%80%99s+English/data=!4m7!3m6!1s0x89b7c9b438aa808b:0xd3d4f4a266da2ec!8m2!3d38.9321663!4d-77.0285485!16s%2Fg%2F11h61njmfc!19sChIJi4CqOLTJt4kR7KJtJkpPPQ0,http://queensenglishdc.com/,4.4,214,Chinese restaurant,"3410 11th St NW, Washington, DC 20010, United States",+1 202-751-3958,"https://www.google.com/maps/search/carryout+in+washington+dc/@38.9180495,-77.0714256,12z/data=!3m1!4b1"
DC Pizza & Kabob,https://www.google.com/maps/place/DC+Pizza+%26+Kabob/data=!4m7!3m6!1s0x89b7b7657660c9e3:0x832ad551ab743a3c!8m2!3d38.9173418!4d-77.0413681!16s%2Fg%2F11gm71cgcs!19sChIJ48lgdmW3t4kRPDp0q1HVKoM,https://www.dcpizzakabob.com/?utm_source=gbp,3.5,168,Pizza takeaway,"2005 18th St NW, Washington, DC 20009, United States",+1 202-986-4646,"https://www.google.com/maps/search/carryout+in+washington+dc/@38.9180495,-77.0714256,12z/data=!3m1!4b1"
Panda Gourmet,https://www.google.com/maps/place/Panda+Gourmet/data=!4m7!3m6!1s0x89b7b97943171379:0x9cf235c43b408323!8m2!3d38.9179387!4d-76.9708707!16s%2Fg%2F11j_vqkjd5!19sChIJeRMXQ3m5t4kRI4NAO8Q18pw,https://www.pandagourmetonline.com/#/,4.1,206,Chinese restaurant,"2700 New York Ave NE, Washington, DC 20002, United States",+1 202-636-3588,"https://www.google.com/maps/search/carryout+in+washington+dc/@38.9180495,-77.0714256,12z/data=!3m1!4b1"
Great Wall Szechuan House,https://www.google.com/maps/place/Great+Wall+Szechuan+House/data=!4m7!3m6!1s0x89b7b7ea217de743:0x33351f115da21efc!8m2!3d38.9105556!4d-77.0316667!16s%2Fg%2F1tjl6t1z!19sChIJQ-d9Ieq3t4kR_B6iXREfNTM,http://www.greatwallszechuan.com/,4.1,391,Chinese restaurant,"1527 14th St NW, Washington, DC 20005, United States",+1 202-797-8888,"https://www.google.com/maps/search/carryout+in+washington+dc/@38.9180495,-77.0714256,12z/data=!3m1!4b1"
HomeSlyce - D.C.,https://www.google.com/maps/place/HomeSlyce+-+D.C./data=!4m7!3m6!1s0x89b7b7b72fa2cead:0x1afec8a4cff3f04c!8m2!3d38.902957!4d-77.047228!16s%2Fg%2F11f_4fy9wn!19sChIJrc6iL7e3t4kRTPDzz6TI_ho,http://www.homeslyce.com/,4.4,572,Pizza restaurant,"2121 K St NW, Washington, DC 20037, United States",+1 202-559-1555,"https://www.google.com/maps/search/carryout+in+washington+dc/@38.9180495,-77.0714256,12z/data=!3m1!4b1"
Emmy Squared Pizza: Shaw - Washington D.C.,https://www.google.com/maps/place/Emmy+Squared+Pizza:+Shaw+-+Washington+D.C./data=!4m7!3m6!1s0x89b7b769a9035ab9:0x169f86cda6f6537!8m2!3d38.9166012!4d-77.0231692!16s%2Fg%2F11fr7102fj!19sChIJuVoDqWm3t4kRN2Vv2mz4aQE,https://www.emmysquaredpizza.com/,4.3,234,Pizza restaurant,"1924 8th St NW, Washington, DC 20001, United States",+1 202-921-3669,"https://www.google.com/maps/search/carryout+in+washington+dc/@38.9180495,-77.0714256,12z/data=!3m1!4b1"
NewBigWong,https://www.google.com/maps/place/NewBigWong/data=!4m7!3m6!1s0x89b7b78de1202fed:0xbcfc2fad073b5393!8m2!3d38.8996982!4d-77.0206181!16s%2Fg%2F1tf71t_v!19sChIJ7S8g4Y23t4kRk1M7B60v_Lw,https://newbigwongtogo.com/,3.6,564,Chinese restaurant,"610 H St NW, Washington, DC 20001, United States",+1 202-628-0490,"https://www.google.com/maps/search/carryout+in+washington+dc/@38.9180495,-77.0714256,12z/data=!3m1!4b1"
Pizzoli's Pizzeria- Pizza Delivery DC,https://www.google.com/maps/place/Pizzoli%27s+Pizzeria-+Pizza+Delivery+DC/data=!4m7!3m6!1s0x89b7b7fab730b7d5:0x9f59a82a23481125!8m2!3d38.9091455!4d-77.0282694!16s%2Fg%2F12hkjwptl!19sChIJ1bcwt_q3t4kRJRFIIyqoWZ8,https://pizzolis.com/,4,446,Pizza delivery,"1418 12th St NW, Washington, DC 20005, United States",+1 202-234-3333,"https://www.google.com/maps/search/carryout+in+washington+dc/@38.9180495,-77.0714256,12z/data=!3m1!4b1"
MGM Roast Beef & Catering Washington DC,https://www.google.com/maps/place/MGM+Roast+Beef+%26+Catering+Washington+DC/data=!4m7!3m6!1s0x89b7b80eb92d20fb:0xe34dddfbf4226e8c!8m2!3d38.9166609!4d-76.9940186!16s%2Fg%2F1tftxvls!19sChIJ-yAtuQ64t4kRjG4i9PvdTeM,http://mgmroastbeef.com/,4.6,637,Sandwich shop,"905 Brentwood Rd NE, Washington, DC 20018, United States",+1 202-248-0389,"https://www.google.com/maps/search/carryout+in+washington+dc/@38.9180495,-77.0714256,12z/data=!3m1!4b1"
Eastern Carryout,https://www.google.com/maps/place/Eastern+Carryout/data=!4m7!3m6!1s0x89b7b81d9777c157:0xbae06303c4c7905b!8m2!3d38.9105075!4d-77.0092893!16s%2Fg%2F1tptrhtl!19sChIJV8F3lx24t4kRW5DHxANj4Lo,,3,5,,"1532 North Capitol St NW, Washington, DC 20002, United States",+1 202-745-5816,"https://www.google.com/maps/search/carryout+in+washington+dc/@38.9180495,-77.0714256,12z/data=!3m1!4b1"
Jackey Cafe,https://www.google.com/maps/place/Jackey+Cafe/data=!4m7!3m6!1s0x89b7b78de78b1441:0xdf6a97a70021047f!8m2!3d38.9000581!4d-77.0205039!16s%2Fg%2F1vd76t8b!19sChIJQRSL5423t4kRfwQhAKeXat8,http://www.jackeycafe.com/?utm_source=gmb&utm_medium=website,3.4,255,Chinese restaurant,"611 H St NW, Washington, DC 20001, United States",+1 202-408-1288,"https://www.google.com/maps/search/carryout+in+washington+dc/@38.9180495,-77.0714256,12z/data=!3m1!4b1"
Stan's DC Restaurant,https://www.google.com/maps/place/Stan%27s+DC+Restaurant/data=!4m7!3m6!1s0x89b7b79579182837:0xcd8af047bf4ae88e!8m2!3d38.9035376!4d-77.0328725!16s%2Fg%2F1td0tsgf!19sChIJNygYeZW3t4kRjuhKv0fwis0,http://stansdc.com/,4.5,1645,Traditional American restaurant,"1029 Vermont Ave NW, Washington, DC 20005, United States",+1 202-347-4488,"https://www.google.com/maps/search/carryout+in+washington+dc/@38.9180495,-77.0714256,12z/data=!3m1!4b1"
Nando's PERi-PERi,https://www.google.com/maps/place/Nando%27s+PERi-PERi/data=!4m7!3m6!1s0x89b7b78df6644bd9:0xe05044ac3b220fc8!8m2!3d38.9003817!4d-77.0216095!16s%2Fg%2F1tg9p0bb!19sChIJ2Utk9o23t4kRyA8iO6xEUOA,https://www.nandosperiperi.com/find/7th-street?utm_source=google&utm_medium=organic&utm_campaign=local&utm_content=7th_street,4.4,2308,Chicken restaurant,"819 7th St NW, Washington, DC 20001, United States",+1 202-898-1225,"https://www.google.com/maps/search/carryout+in+washington+dc/@38.9180495,-77.0714256,12z/data=!3m1!4b1"
Cane,https://www.google.com/maps/place/Cane/data=!4m7!3m6!1s0x89b7b9b3c0dedc41:0x8c2b92ee459d6e57!8m2!3d38.9000131!4d-77.0003052!16s%2Fg%2F11h6rytkg6!19sChIJQdzewLO5t4kRV26dRe6SK4w,https://www.cane-dc.com/,4.4,402,Caribbean restaurant,"403 H St NE, Washington, DC 20002, United States",+1 202-675-2011,"https://www.google.com/maps/search/carryout+in+washington+dc/@38.9180495,-77.0714256,12z/data=!3m1!4b1"
Carmine's Italian Restaurant - Washington D.C.,https://www.google.com/maps/place/Carmine%27s+Italian+Restaurant+-+Washington+D.C./data=!4m7!3m6!1s0x89b7b78fe1723c7f:0xe0f2245d49ea746e!8m2!3d38.8955701!4d-77.0217135!16s%2Fg%2F1tjkgph4!19sChIJfzxy4Y-3t4kRbnTqSV0k8uA,http://www.carminesnyc.com/,4.3,3924,Italian restaurant,"425 7th Street NW at, E St NW, Washington, DC 20004, United States",+1 202-737-7770,"https://www.google.com/maps/search/carryout+in+washington+dc/@38.9180495,-77.0714256,12z/data=!3m1!4b1"
Ircias Kitchen Restaurant,https://www.google.com/maps/place/Ircias+Kitchen+Restaurant/data=!4m7!3m6!1s0x89b7c709c3af312d:0x99dd487c4f4d6e5f!8m2!3d38.9343612!4d-76.9909789!16s%2Fg%2F11j3xvtvv0!19sChIJLTGvwwnHt4kRX25NT3xI3Zk,http://orderirciaskitchenrestaurant.com/,4.3,50,Salvadoran restaurant,"3629 12th St NE, Washington, DC 20017, United States",+1 202-506-6228,"https://www.google.com/maps/search/carryout+in+washington+dc/@38.9180495,-77.0714256,12z/data=!3m1!4b1"
Guapo's Restaurant,https://www.google.com/maps/place/Guapo%27s+Restaurant/data=!4m7!3m6!1s0x89b7c9ea0b52f861:0x2019caa02c03d36a!8m2!3d38.9484223!4d-77.0796129!16s%2Fg%2F1v1tnztt!19sChIJYfhSC-rJt4kRatMDLKDKGSA,http://www.guaposrestaurant.com/,4.4,1184,Mexican restaurant,"4515 Wisconsin Ave NW, Washington, DC 20016, United States",+1 202-686-3588,"https://www.google.com/maps/search/carryout+in+washington+dc/@38.9180495,-77.0714256,12z/data=!3m1!4b1"
Curry N Pie,https://www.google.com/maps/place/Curry+N+Pie/data=!4m7!3m6!1s0x89b7b64602afb633:0x87ca6bf1952e2395!8m2!3d38.9053386!4d-77.067977!16s%2Fg%2F11bwcrxtbp!19sChIJM7avAka2t4kRlSMulfFryoc,https://www.currynpie.com/,4.3,721,Indian restaurant,"1204 34th St NW, Washington, DC 20007, United States",+1 202-333-4369,"https://www.google.com/maps/search/carryout+in+washington+dc/@38.9180495,-77.0714256,12z/data=!3m1!4b1"
Number 1 Carry Out,https://www.google.com/maps/place/Number+1+Carry+Out/data=!4m7!3m6!1s0x89b7b94feb89c437:0xf75fd33f57dfe7ca!8m2!3d38.8438598!4d-76.9288738!16s%2Fg%2F1v29cxy0!19sChIJN8SJ60-5t4kRyuffVz_TX_c,,3.8,168,Chinese restaurant,"4517 Silver Hill Rd, Hillcrest Heights, MD 20746, United States",+1 301-568-5512,"https://www.google.com/maps/search/carryout+in+washington+dc/@38.9180495,-77.0714256,12z/data=!3m1!4b1"
Joy Luck House,https://www.google.com/maps/place/Joy+Luck+House/data=!4m7!3m6!1s0x89b7b78dd95092b5:0x548f7997667eb3b3!8m2!3d38.8996195!4d-77.0201796!16s%2Fg%2F1hdz7ylpq!19sChIJtZJQ2Y23t4kRs7N-Zpd5j1Q,https://www.joyluckhouse.com/,3.9,300,Chinese restaurant,"748 6th St NW, Washington, DC 20001, United States",+1 202-628-1668,"https://www.google.com/maps/search/carryout+in+washington+dc/@38.9180495,-77.0714256,12z/data=!3m1!4b1"
Wok and Roll,https://www.google.com/maps/place/Wok+and+Roll/data=!4m7!3m6!1s0x89b7b78dde742c5f:0x2f98bb23ddc128e3!8m2!3d38.8996325!4d-77.0204512!16s%2Fg%2F1th0nsx0!19sChIJXyx03o23t4kR4yjB3SO7mC8,https://www.dcwoknroll.com/,3.8,1305,Chinese restaurant,"604 H St NW, Washington, DC 20001, United States",+1 202-347-4656,"https://www.google.com/maps/search/carryout+in+washington+dc/@38.9180495,-77.0714256,12z/data=!3m1!4b1"
Banana Leaves Asian Restaurant,https://www.google.com/maps/place/Banana+Leaves+Asian+Restaurant/data=!4m7!3m6!1s0x89b7b7cf707f0e27:0x9338c314555c12c5!8m2!3d38.9145155!4d-77.0456061!16s%2Fg%2F1v8x3290!19sChIJJw5_cM-3t4kRxRJcVRTDOJM,https://www.mybananaleaves.com/,4.3,343,Asian restaurant,"2020 Florida Ave NW, Washington, DC 20009, United States",+1 202-986-1333,"https://www.google.com/maps/search/carryout+in+washington+dc/@38.9180495,-77.0714256,12z/data=!3m1!4b1"
Peking Garden Chinese Restaurant,https://www.google.com/maps/place/Peking+Garden+Chinese+Restaurant/data=!4m7!3m6!1s0x89b7b7db2ae3d3f3:0x300d6e4d42697c21!8m2!3d38.9173112!4d-77.0418865!16s%2Fg%2F1td43ct7!19sChIJ89PjKtu3t4kRIXxpQk1uDTA,https://washingtonpekinggarden.com/,3.1,69,Chinese restaurant,"2008 18th St NW, Washington, DC 20009, United States",+1 202-588-0088,"https://www.google.com/maps/search/carryout+in+washington+dc/@38.9180495,-77.0714256,12z/data=!3m1!4b1"
Don Juan Restaurant,https://www.google.com/maps/place/Don+Juan+Restaurant/data=!4m7!3m6!1s0x89b7c821484ad7e5:0x12afe1bb47e1a493!8m2!3d38.9310839!4d-77.0385764!16s%2Fg%2F1tgj9qb_!19sChIJ5ddKSCHIt4kRk6ThR7vhrxI,,4.2,389,Restaurant,"1660 Lamont St NW, Washington, DC 20010, United States",+1 202-667-0010,"https://www.google.com/maps/search/carryout+in+washington+dc/@38.9180495,-77.0714256,12z/data=!3m1!4b1"
"Emmy Squared Pizza: Navy Yard, Washington D.C.","https://www.google.com/maps/place/Emmy+Squared+Pizza:+Navy+Yard,+Washington+D.C./data=!4m7!3m6!1s0x89b7b99629fccf21:0x90fe117d3d9d4838!8m2!3d38.8747299!4d-77.0003873!16s%2Fg%2F11px9847mh!19sChIJIc_8KZa5t4kROEidPX0R_pA",https://www.emmysquaredpizza.com/location/navy-yard-washington/,4.1,240,Pizza restaurant,"1300 4th St SE Suite 100, Washington, DC 20003, United States",+1 202-290-2810,"https://www.google.com/maps/search/carryout+in+washington+dc/@38.9180495,-77.0714256,12z/data=!3m1!4b1"
MAX Relief,https://www.google.com/maps/place/MAX+Relief/data=!4m7!3m6!1s0x89b7b7b99137a5bb:0x14dc3b241a53ea9a!8m2!3d38.9028967!4d-77.0430366!16s%2Fg%2F11s0sksd7x!19sChIJu6U3kbm3t4kRmupTGiQ73BQ,https://www.max-relief.com/contact,,,Chinese restaurant,"1875 K St NW #7, Washington, DC 20006, United States",+1 202-499-6855,"https://www.google.com/maps/search/carryout+in+washington+dc/@38.9180495,-77.0714256,12z/data=!3m1!4b1"
Happy Gyro,https://www.google.com/maps/place/Happy+Gyro/data=!4m7!3m6!1s0x89b7b7c1375979f3:0x4ee9ebe5a2d88377!8m2!3d38.9100944!4d-77.0381501!16s%2Fm%2F052n30x!19sChIJ83lZN8G3t4kRd4PYouXr6U4,https://happygyrotogo.square.site/,4.7,260,Pizza takeaway,"1509 17th St NW, Washington, DC 20036, United States",,"https://www.google.com/maps/search/carryout+in+washington+dc/@38.9180495,-77.0714256,12z/data=!3m1!4b1"
Bidwell Restaurant,https://www.google.com/maps/place/Bidwell+Restaurant/data=!4m7!3m6!1s0x89b7b81093e54939:0x4a20d95067c394a2!8m2!3d38.908624!4d-76.9977786!16s%2Fg%2F1ptw7yvr5!19sChIJOUnlkxC4t4kRopTDZ1DZIEo,http://bidwelldc.com/,4.1,574,New American restaurant,"1309 5th St NE, Washington, DC 20002, United States",+1 202-547-0172,"https://www.google.com/maps/search/carryout+in+washington+dc/@38.9180495,-77.0714256,12z/data=!3m1!4b1"
Thip Khao Restaurant,https://www.google.com/maps/place/Thip+Khao+Restaurant/data=!4m7!3m6!1s0x89b7c8189893f667:0x94b47e2aca9e304!8m2!3d38.9329915!4d-77.0329838!16s%2Fg%2F11b6g9w8pg!19sChIJZ_aTmBjIt4kRBOOprOJHSwk,http://www.thipkhao.com/,4.7,1251,Laotian restaurant,"3462 14th St NW, Washington, DC 20010, United States",+1 202-387-5426,"https://www.google.com/maps/search/carryout+in+washington+dc/@38.9180495,-77.0714256,12z/data=!3m1!4b1"
Tony's Breakfast,https://www.google.com/maps/place/Tony%27s+Breakfast/data=!4m7!3m6!1s0x89b7b8403cd7b89d:0x9bb20cca055be716!8m2!3d38.8998343!4d-76.9856856!16s%2Fg%2F11cry9hsvq!19sChIJnbjXPEC4t4kRFudbBcoMsps,http://tonysbreakfast.com/,4.3,987,Breakfast restaurant,"1387 H St NE, Washington, DC 20002, United States",+1 202-397-7750,"https://www.google.com/maps/search/carryout+in+washington+dc/@38.9180495,-77.0714256,12z/data=!3m1!4b1"
